,fname,label,predicted,Acoustic_guitar,Bass_drum,Cello,Clarinet,Double_bass,Flute,Hi-hat,Saxophone,Snare_drum,Violin_or_fiddle
0,5388d14d.wav,Saxophone,Saxophone,0.0007788445218466222,0.03066040575504303,0.0001403311180183664,2.4246441171271726e-05,7.961920346133411e-06,0.02606574445962906,1.3687059663425316e-07,0.9411269426345825,1.8924998585134745e-05,0.0011765615781769156
1,c685f05f.wav,Saxophone,Saxophone,0.00030259229242801666,0.00031561378273181617,0.004329902585595846,0.0016711931675672531,1.3014998785365606e-06,0.0027170905377715826,1.2364203882953007e-07,0.9638586044311523,1.0773671419883613e-05,0.026792824268341064
2,36d20ab5.wav,Saxophone,Saxophone,3.2635614388709655e-07,7.072095286275726e-06,9.934447007253766e-06,7.131080792532885e-08,7.373083008133108e-06,0.00023413763847202063,7.620307163058726e-11,0.9997397065162659,5.794967616878921e-09,1.4629815723310458e-06
3,d6665734.wav,Saxophone,Saxophone,0.0059320637956261635,1.5798841559444554e-05,0.020515156909823418,0.00403793016448617,0.00011646623170236126,0.007250591181218624,1.078041211854952e-08,0.9524638056755066,0.008481701835989952,0.0011865174164995551
4,7352e28f.wav,Saxophone,Saxophone,9.47309075627345e-09,5.2150058577060676e-11,3.1867027701082407e-06,0.00035488393041305244,1.3781742325136292e-07,0.0035784963984042406,3.6083781362189482e-12,0.9960618019104004,6.057871981823837e-09,1.533709450995957e-06
5,8fa096bf.wav,Saxophone,Saxophone,3.0293362215161324e-05,0.0001335836132057011,6.393373496393906e-06,3.134656935799285e-06,1.7244315131392796e-06,5.272681300994009e-05,6.160659893339471e-08,0.9997633695602417,1.0191138244408648e-06,7.707581971772015e-06
6,2f9c5f62.wav,Saxophone,Saxophone,5.602530563919572e-07,1.5481298968472723e-12,7.467956947948551e-06,0.094668447971344,2.4511635274393484e-05,1.096888354368275e-05,1.736898385534813e-12,0.9052876830101013,1.3276628685332525e-09,4.44899086460282e-07
7,9cd05a2b.wav,Saxophone,Saxophone,1.0550112392593292e-06,3.666978898309026e-08,0.006926736328750849,2.334805867576506e-05,1.1504832855280256e-06,0.0019027789821848273,3.0859176325392923e-10,0.988682746887207,0.0011965454323217273,0.0012658064952120185
8,ab465bf9.wav,Saxophone,Saxophone,6.269228691735407e-08,8.907451165551805e-12,2.4761643402371192e-08,9.252670679416042e-06,8.347592483914923e-08,0.0026907080318778753,2.5225268054929195e-11,0.9972993731498718,2.042736468865769e-08,2.961663199130271e-07
9,c40632d7.wav,Saxophone,Saxophone,0.004299439489841461,0.002557730535045266,0.004810789134353399,0.0005999988643452525,7.2314272983931e-05,0.016193510964512825,5.137748757988447e-06,0.9697755575180054,0.0006410916103050113,0.0010444968938827515
10,3a80061f.wav,Saxophone,Saxophone,0.0002913439820986241,1.1827791013274691e-07,0.0014683249173685908,0.0038093412294983864,3.647120365712908e-06,0.0035634294617921114,1.0219980417502939e-09,0.9900558590888977,9.56606072577415e-07,0.0008068694151006639
11,dba6817d.wav,Saxophone,Saxophone,0.0049503641203045845,9.981275361781172e-09,0.02981851063668728,1.9710612832568586e-05,5.267790584184695e-06,4.31485750596039e-05,4.0346170848692964e-11,0.9649478793144226,1.1277479643467814e-05,0.00020385599054861814
12,25f26095.wav,Saxophone,Saxophone,7.831161201465875e-05,0.0004562661924865097,4.099082616448868e-06,2.021157570197829e-07,5.746861461375374e-06,0.0003180184867233038,5.094936139649064e-10,0.9991270303726196,9.85169549494458e-07,9.29684301809175e-06
13,37cebbd4.wav,Saxophone,Saxophone,1.4391864624485606e-06,6.054934331700679e-12,5.343681550584733e-07,9.854148083832115e-05,2.7302291982778115e-07,0.0004460791533347219,1.1736949303078892e-12,0.9994480013847351,1.4672646431179714e-10,5.121751655678963e-06
14,f8d96888.wav,Saxophone,Saxophone,0.005325078032910824,2.373062528704395e-07,0.0237443707883358,0.0007097658235579729,3.745337380678393e-05,0.001565701561048627,6.543666303260309e-11,0.9684714674949646,4.365657332527917e-06,0.0001415158767485991
15,d94c94f0.wav,Saxophone,Saxophone,0.0011780175846070051,1.2873681953351479e-05,0.00028568340349011123,1.7650474546826445e-05,1.2000001881062872e-08,0.0001012269567581825,2.226787643166972e-08,0.998306155204773,7.630535401403904e-05,2.208963815064635e-05
16,ec6afeb6.wav,Saxophone,Saxophone,1.7590609786566347e-05,3.355752633237008e-13,1.5732454228256643e-09,1.0236152775178198e-05,4.285505639245457e-08,0.0007926138932816684,1.0414775595754544e-13,0.9991708993911743,1.0134981048848246e-10,8.661872925586067e-06
17,5f0dc8e4.wav,Saxophone,Saxophone,1.722208139653958e-06,2.3584413935684445e-11,2.1426131979751517e-09,0.00010751427907962352,3.472749449429102e-05,7.938187081890646e-06,1.9019525808895016e-13,0.9998445510864258,9.234855156137201e-07,2.6499292289372534e-06
18,b8c0a88a.wav,Saxophone,Saxophone,7.211634510895237e-06,1.5246007581404264e-11,0.0376923643052578,2.7167392545379698e-05,9.271312251257768e-08,8.586786861997098e-05,4.124263390113854e-14,0.9621870517730713,1.868415838712778e-10,3.902239029685006e-07
19,96dad435.wav,Saxophone,Saxophone,0.0014467572327703238,2.3921722241970755e-11,1.8164524817620986e-06,0.000378543947590515,6.976330769248307e-05,0.0013713965890929103,1.1090794081736188e-12,0.9967249035835266,5.175966322212844e-09,6.7540381678554695e-06
20,b120dc90.wav,Saxophone,Saxophone,6.349619070533663e-05,0.0007872101268731058,2.9265149805723922e-06,6.02570544288028e-05,0.021971292793750763,2.8329322958597913e-05,3.4741879062494263e-07,0.9769956469535828,5.9704390878323466e-05,3.07748923660256e-05
21,c1948f24.wav,Saxophone,Saxophone,2.1711452973249834e-06,5.916464540511868e-11,1.4904396266501863e-05,0.006138704717159271,7.28418058315583e-07,0.009152263402938843,5.0740325718834356e-08,0.9846895933151245,2.399007996700675e-07,1.314407427344122e-06
22,ac097834.wav,Saxophone,Saxophone,0.06798116117715836,1.1558139334510997e-08,0.0004840089532081038,0.0010662253480404615,5.268600034469273e-06,0.003878177609294653,1.2538596827482706e-09,0.9264706373214722,3.363767007158458e-07,0.0001142334658652544
23,4345851e.wav,Saxophone,Saxophone,0.0026613252703100443,3.1080735425348394e-06,0.010755612514913082,0.005307469982653856,4.316323247621767e-05,0.003630782710388303,3.358577416179287e-09,0.9762642979621887,7.877874850237276e-06,0.0013264624867588282
24,5d4f8187.wav,Saxophone,Saxophone,1.8928549394559013e-08,9.76302372279747e-10,0.00018469900533091277,0.0003686422423925251,7.995263118232288e-09,2.4617747840238735e-06,4.3066253146116507e-13,0.9994441270828247,4.000275458104774e-11,7.831418713521998e-08
25,b83049f4.wav,Saxophone,Saxophone,1.2935616723552812e-05,0.00018817269301507622,0.00020181071886327118,0.0009657535119913518,2.810924797813641e-06,1.2782076737494208e-05,5.802889280204226e-10,0.9986084699630737,4.621085281542037e-06,2.750159183051437e-06
26,c1c3c8b9.wav,Saxophone,Saxophone,6.7444248998072e-05,2.9245221799811816e-09,2.2084561805968406e-06,4.942284431308508e-05,0.0037104792427271605,0.0005527845351025462,1.0296919566998852e-11,0.995603084564209,1.5773109485195391e-09,1.4596876098948997e-05
27,78a86075.wav,Saxophone,Saxophone,0.0012076891725882888,9.531325417810876e-07,0.023704690858721733,0.009771344251930714,3.425792601774447e-05,0.0010410554241389036,8.974227472258178e-10,0.9627441167831421,1.9767232117828826e-07,0.0014958400279283524
28,f0d315bc.wav,Saxophone,Saxophone,1.668012555455789e-05,1.854764258846231e-11,4.2636300349840894e-05,5.849117223988287e-05,2.5052469936781563e-05,7.71140491906408e-07,1.3362164124469927e-14,0.9998545050621033,6.603861901766095e-09,1.817915176616225e-06
29,9c0838c1.wav,Saxophone,Saxophone,0.001222918857820332,8.720314781385241e-08,0.040549591183662415,8.888317097444087e-05,0.0001874026784207672,0.018907584249973297,2.3547050531647074e-08,0.9381919503211975,8.621826964372303e-06,0.0008430900634266436
30,d6144e01.wav,Violin_or_fiddle,Violin_or_fiddle,8.535042789713232e-13,2.063084979549089e-31,2.436632415493456e-16,8.3543706674849e-11,4.295435034716708e-23,4.929986628046271e-19,8.827483557495575e-13,6.0874177559925995e-18,5.2266022320659675e-14,1.0
31,cfb9c5fd.wav,Violin_or_fiddle,Violin_or_fiddle,8.179307769751176e-05,2.6149463150382246e-10,1.0999240657838527e-05,0.0001718941202852875,4.587073192396929e-07,0.00014952347555663437,2.2116640116531805e-11,0.00032484298571944237,0.03874018415808678,0.9605203866958618
32,c6865306.wav,Violin_or_fiddle,Violin_or_fiddle,0.05487729236483574,1.8796225731421146e-07,0.03051110915839672,0.015349010936915874,0.0005530488560907543,0.009897108189761639,6.682625553366961e-06,0.0069854953326284885,0.00016688634059391916,0.8816534876823425
33,642aba58.wav,Violin_or_fiddle,Violin_or_fiddle,2.6596298994263634e-06,1.0290089093312194e-12,3.3915017411345616e-05,1.1913289199583232e-05,1.228679593623383e-07,0.0006167310057207942,3.9883871205681487e-10,0.0001987926079891622,2.1045121201268557e-10,0.9991358518600464
34,848faca3.wav,Violin_or_fiddle,Violin_or_fiddle,4.1758856789142484e-11,2.265316927096972e-11,7.184004516602727e-06,5.729059893155863e-09,7.428449348700905e-12,3.663933867414926e-08,1.0669069183677493e-08,7.325271465796757e-12,5.394455001805909e-06,0.9999873638153076
35,7eb9dac0.wav,Violin_or_fiddle,Violin_or_fiddle,3.775704371378197e-08,7.2130554862326335e-09,7.735526014585048e-05,6.427505923056742e-07,3.8373183753812046e-13,2.536249439799576e-06,1.2746223546855617e-05,6.757799724255165e-07,0.0017992238281294703,0.9981067776679993
36,8d7d7dba.wav,Violin_or_fiddle,Violin_or_fiddle,0.012570551596581936,4.30492582381703e-06,0.01646612025797367,0.006532712373882532,0.00342529802583158,0.001014869543723762,3.931705627735482e-09,0.0010314175160601735,3.8402351492550224e-05,0.9589163064956665
37,2424ad60.wav,Violin_or_fiddle,Violin_or_fiddle,4.050351520845652e-08,5.3137372973965924e-11,8.825764962239191e-05,9.291484559525998e-08,1.1142990696821897e-10,8.438529221166391e-06,1.5351206362947817e-13,0.022977054119110107,9.550910817779368e-08,0.9769260287284851
38,ba648ac1.wav,Violin_or_fiddle,Violin_or_fiddle,1.3073643501115839e-08,2.8521776208726736e-15,0.0003179944178555161,8.57359409565106e-05,2.2627521384377403e-11,2.844459459083737e-07,7.21677440029822e-10,2.4749368776610936e-07,1.5963899646642687e-10,0.9995957016944885
39,2e4a9850.wav,Violin_or_fiddle,Violin_or_fiddle,8.024662747629918e-07,7.000675216530536e-15,3.5934124753111973e-05,1.047386376740178e-06,7.073025498627317e-11,0.003978108521550894,2.7531025352800498e-06,7.225752051454037e-05,1.2838835550255112e-09,0.9959090948104858
40,2cc8683d.wav,Violin_or_fiddle,Violin_or_fiddle,1.028488817549078e-13,5.529409650528329e-20,1.5991080681843073e-10,3.970557660437635e-09,1.2929582606633949e-18,2.2123920473404723e-09,4.099875550167553e-09,1.3842582462231245e-11,1.038423904156649e-12,1.0
41,7b6a119e.wav,Violin_or_fiddle,Violin_or_fiddle,1.3359900208342879e-07,2.2166101419640594e-12,7.537638424537363e-08,7.426142900612831e-08,9.356028321874654e-13,8.992350194603205e-05,1.3523487041311455e-06,6.252167281672882e-07,6.332702895406328e-08,0.9999077916145325
42,68589f79.wav,Violin_or_fiddle,Violin_or_fiddle,1.7586264069351445e-14,3.182076725860967e-32,3.323387502204839e-16,2.556631295558276e-11,2.8380208752467573e-29,4.520728990420733e-17,1.4134234444133985e-15,4.703832023529549e-20,3.4587618007305906e-14,1.0
43,fec00143.wav,Violin_or_fiddle,Violin_or_fiddle,1.0570782933427836e-06,6.016389875185268e-07,7.454997830791399e-05,8.080680800048867e-07,1.3994000402917095e-09,0.0005373343592509627,6.251136801438406e-05,0.00011693624401232228,0.03143263980746269,0.9677735567092896
44,1b24c166.wav,Violin_or_fiddle,Violin_or_fiddle,1.9954908836439245e-09,3.0086237320925413e-12,1.7679475377008202e-06,3.3264285548284533e-08,2.0361540415975848e-13,0.0003528494853526354,5.135446928816734e-11,4.009616532130167e-05,6.0806706336791194e-09,0.9996052980422974
45,6eb59008.wav,Violin_or_fiddle,Violin_or_fiddle,3.2949164960882626e-06,1.0255467308706301e-10,2.3018460524326656e-06,7.4218091867805924e-06,1.0559461638415257e-10,8.932585842558183e-06,7.688584446441382e-06,6.599906328119687e-07,1.1585896118049277e-06,0.9999685287475586
46,0e7cd4eb.wav,Violin_or_fiddle,Violin_or_fiddle,0.00029810142586939037,8.751568202569615e-06,0.019967515021562576,0.0003570455592125654,9.65408471529372e-05,0.01626722514629364,2.664446583366953e-06,0.0037659495137631893,1.09715256257914e-05,0.9592254161834717
47,56e79c6f.wav,Violin_or_fiddle,Violin_or_fiddle,0.0001524562103440985,2.9029773376820778e-11,0.022877568379044533,0.007441242225468159,9.43517477480782e-08,0.023007052019238472,8.258455636678264e-05,0.0065030064433813095,1.326944953916609e-08,0.9399363994598389
48,cdc5fe8e.wav,Violin_or_fiddle,Violin_or_fiddle,0.0020108420867472887,1.2897216628005026e-08,0.0001481369254179299,1.1927724699489772e-05,4.417555373947835e-06,0.01747283898293972,2.0901857169519644e-06,0.012172405607998371,0.0002437320799799636,0.9679335951805115
49,b38409bb.wav,Violin_or_fiddle,Violin_or_fiddle,2.3094179013583016e-08,3.5074022997967324e-17,1.7386403783348214e-07,6.260709284333643e-08,3.176059091221958e-15,6.8981567125092624e-09,1.0958460805454706e-08,8.942057094785127e-10,1.1313256464973165e-07,0.9999995827674866
50,c8c117dc.wav,Violin_or_fiddle,Violin_or_fiddle,2.1573273722985675e-10,1.528107328174766e-11,0.0015409828629344702,1.0485868187970482e-05,2.0209476453425523e-12,0.001531859626993537,1.7203283242395173e-10,0.00044935682672075927,4.058683389374096e-10,0.9964673519134521
51,b73c3595.wav,Violin_or_fiddle,Violin_or_fiddle,1.9719175181620585e-09,4.748125606627203e-20,3.6624363541903904e-09,2.5409683246380155e-09,2.4908592000788803e-16,6.023282458737789e-13,2.33053110143544e-09,5.538381676829709e-15,8.194255052274002e-09,1.0
52,d84c8c43.wav,Violin_or_fiddle,Violin_or_fiddle,5.877890375660243e-16,7.362922991808283e-25,1.7558431153474885e-08,3.077862964495637e-10,8.336433397418327e-23,1.5218498336522224e-11,1.1223629041131125e-13,2.6917612697173812e-14,1.2992038837425734e-16,1.0
53,d914225a.wav,Violin_or_fiddle,Violin_or_fiddle,0.0077725909650325775,5.3623082862941374e-08,0.000298974133329466,0.0010605263523757458,0.00015308432921301574,0.011106440797448158,3.373488988156481e-10,0.02480822242796421,4.143327032579691e-07,0.9547997713088989
54,1148986e.wav,Violin_or_fiddle,Violin_or_fiddle,0.010075520724058151,8.197450718228083e-09,0.00019872636767104268,0.00018547633953858167,0.00013221088738646358,0.00011399711365811527,1.4718721033646354e-11,0.0006385606830008328,1.1219635780435055e-05,0.9886442422866821
55,e3f479f3.wav,Violin_or_fiddle,Violin_or_fiddle,7.207214366644621e-05,1.817457989661264e-11,0.011922483332455158,0.0031221199315041304,2.3157062544105524e-14,0.004245592746883631,5.686638360202778e-07,0.00016260471602436155,1.3292560829825106e-08,0.980474591255188
56,aab28420.wav,Violin_or_fiddle,Violin_or_fiddle,3.373275270224241e-11,5.446461691223873e-21,4.384691720815681e-08,5.876901809642732e-08,1.1769797839652177e-19,1.0419194396149578e-09,1.1369027497210027e-08,5.699200660014281e-12,2.3341493126348423e-13,0.9999999403953552
57,21346775.wav,Violin_or_fiddle,Violin_or_fiddle,7.814677519490942e-05,0.0018682893132790923,6.640695937676355e-05,1.2345955155979027e-06,4.283363978174748e-06,0.0001788823865354061,7.986050043484738e-09,0.0025749814230948687,0.001423356938175857,0.993804395198822
58,cdeece57.wav,Violin_or_fiddle,Violin_or_fiddle,0.0016154928598552942,4.544546683415973e-11,3.958708020945778e-06,0.0005553193623200059,8.488341762813434e-08,0.02289131097495556,8.178325096135086e-13,0.0002618938160594553,7.250575890793698e-07,0.9746712446212769
59,c9fb642d.wav,Violin_or_fiddle,Violin_or_fiddle,0.0027073253877460957,3.445511538302526e-06,2.288539872097317e-05,0.0002633498515933752,0.00033095813705585897,8.917273225961253e-05,9.660544719736208e-08,0.0017436532070860267,0.00207524630241096,0.992763876914978
60,078f7ac0.wav,Hi-hat,Hi-hat,9.042961149861861e-13,1.242337929781962e-15,1.5459762359171236e-09,4.597282110552214e-09,5.187502945382631e-20,6.982542988254181e-09,0.9999963045120239,5.528355984801836e-12,1.6041288297685696e-09,3.6400710996531416e-06
61,e897db78.wav,Hi-hat,Hi-hat,3.256820507724356e-11,3.0010599667368515e-16,1.835730678578784e-08,2.516730157609004e-09,1.7085505549533432e-16,2.0528029276434268e-10,0.9999151825904846,5.143781451125151e-13,8.139188628630833e-11,8.478507515974343e-05
62,b31ed1fb.wav,Hi-hat,Hi-hat,4.503256786847487e-05,1.0140752237930428e-08,0.001972066704183817,5.174973193788901e-05,2.0167315734065383e-11,4.691746653406881e-06,0.9112740755081177,2.9115753932273947e-06,0.014855037443339825,0.07179457694292068
63,06c48eab.wav,Hi-hat,Hi-hat,2.8455685807671216e-08,3.4044785762223084e-13,4.875066224485636e-06,3.22194004809262e-08,4.533901466069468e-12,1.1315844261616803e-08,0.9997924566268921,3.3571074808946832e-09,1.2146843175742106e-07,0.00020240136655047536
64,2503aaa1.wav,Hi-hat,Hi-hat,2.645888608036884e-13,1.3311551576530877e-16,1.0452119170167862e-09,1.422306716847288e-08,2.6445082056557584e-18,2.565327505976711e-09,0.9999845027923584,2.936835074174998e-13,2.839061763459938e-10,1.5530707969446667e-05
65,3d3439f1.wav,Hi-hat,Hi-hat,9.508524176360389e-12,4.499796026967221e-17,1.865823406888012e-07,1.9325545608239736e-08,3.4541815405441012e-18,2.1377384307186276e-09,0.9994454383850098,6.613240228874051e-13,1.9030925446639202e-10,0.0005543006118386984
66,34a90030.wav,Hi-hat,Hi-hat,8.41206207610138e-15,1.342201098010501e-19,3.5019026567439937e-10,5.370809574856139e-08,9.162921175526405e-21,3.1638385245003064e-09,0.9999982714653015,8.602493611489868e-16,6.45699111041266e-14,1.5719251678092405e-06
67,da4b0379.wav,Hi-hat,Hi-hat,1.103850066908052e-10,6.945332677795341e-18,4.385719343247274e-09,5.548940862354357e-07,1.5876837468918043e-19,4.966943301099036e-09,0.9996310472488403,3.738068204582265e-14,1.3568219464632492e-11,0.00036837655352428555
68,a090c45a.wav,Hi-hat,Hi-hat,6.236601235443118e-10,7.270371777485726e-15,3.8012508696283476e-09,3.0729139233187652e-09,3.7391037474416267e-19,8.585296917829055e-10,0.9999991655349731,7.784539072380747e-13,5.47195760924879e-11,8.384481589018833e-07
69,41897c32.wav,Hi-hat,Hi-hat,4.984012313968833e-09,7.993234438057051e-13,9.986358961988628e-12,1.2810057015144594e-08,1.5431993952653803e-19,3.027423867152379e-10,0.9999997019767761,6.289499143719013e-09,2.656181719018491e-09,2.8594709533535934e-07
70,2032be87.wav,Hi-hat,Hi-hat,4.4398656300938255e-13,1.7717879436827608e-15,4.6346626536575286e-10,2.5618396293225487e-08,1.018196468326223e-18,8.646305005299837e-09,0.9999993443489075,2.0391663618085643e-12,1.890886114352952e-09,7.214177912828745e-07
71,73677128.wav,Hi-hat,Hi-hat,1.16016408719527e-12,1.1604082444423161e-15,5.95677596137989e-09,1.2284849049137847e-07,1.946097073805545e-18,3.228034728408602e-09,0.9999914765357971,2.2332778530122221e-13,1.377917918654603e-10,8.337683539139107e-06
72,c53a217e.wav,Hi-hat,Hi-hat,2.3617519398499986e-11,1.2607753382964937e-14,3.7002256814133716e-09,4.041608825389176e-09,1.0782729418547243e-18,2.025590184473458e-08,0.9999985098838806,4.0506487053448836e-10,2.0854060145403253e-10,1.5256183587553096e-06
73,f0dfe343.wav,Hi-hat,Hi-hat,2.5873592157665826e-10,1.831194224033439e-11,9.149211109615862e-06,1.5994002751540393e-05,1.339022971414425e-14,3.402670699870214e-05,0.9996629357337952,1.2723794498015195e-05,7.231868721646606e-07,0.00026448763674125075
74,0ed06544.wav,Hi-hat,Hi-hat,2.2421624019247632e-12,7.274547311102511e-14,1.1232085261880798e-09,4.486162996641951e-09,7.601273668660091e-18,1.2483530653639718e-08,0.9999979734420776,4.916162962831372e-11,3.3504012009188955e-08,2.0573729671014007e-06
75,99c96a07.wav,Hi-hat,Hi-hat,1.4252050277718809e-06,3.5128544517704086e-09,1.544684164400678e-05,4.60477895103395e-06,8.356070826595619e-14,3.6168825090499013e-07,0.9997997879981995,3.01816571735003e-10,2.1815576474182308e-05,0.0001565111306263134
76,3a3d0279.wav,Hi-hat,Hi-hat,3.7926231044593806e-09,4.553627779208848e-14,8.636391157779144e-09,2.077691618751487e-08,5.866033514993168e-19,2.1729441856965792e-10,0.9999991059303284,9.099136374923766e-13,1.3148707123100678e-10,8.961542334873229e-07
77,612702c3.wav,Hi-hat,Hi-hat,2.989715419676742e-11,2.0586600458193105e-14,2.1771425551264656e-08,6.696115661952717e-08,1.309023245532517e-15,1.6160130655862304e-07,0.9999704957008362,1.6681368092408277e-11,3.350152932846129e-10,2.9291364626260474e-05
78,d6854eb4.wav,Hi-hat,Hi-hat,7.146550018433118e-08,9.51094492052107e-09,1.9855453501804732e-05,5.271378427096352e-07,6.212096115287835e-11,0.0005962219438515604,0.9832863211631775,0.00022232667834032327,0.014505850151181221,0.0013687353348359466
79,52300f9b.wav,Hi-hat,Hi-hat,1.3242730479909315e-12,1.7851937223807178e-15,1.1017254469836146e-10,6.712675415521119e-10,1.2304917456901496e-21,4.4301320945017153e-10,0.9999991059303284,1.257984330853973e-13,6.308991523651386e-11,8.228569754464843e-07
80,09a1cfd7.wav,Hi-hat,Hi-hat,1.9944164375562679e-10,1.971227145069706e-15,5.065957680017164e-07,1.9035793386024125e-08,4.1245822027272886e-16,4.9986814687486e-10,0.9996840953826904,1.4314791756467327e-12,4.5085744915240866e-08,0.00031534055597148836
81,3aafb6ad.wav,Hi-hat,Hi-hat,1.0777810935391763e-11,5.20906661717873e-14,3.928019509658043e-08,1.3847163415903196e-09,8.287778983158676e-18,6.472041569338671e-09,0.9999858736991882,1.3552016453477478e-10,1.2506038160609023e-07,1.3883382962376345e-05
82,493c247b.wav,Hi-hat,Hi-hat,2.4520559194218805e-12,1.8365486269353998e-13,5.169094663415308e-08,5.0219224334568935e-08,5.815828271614921e-16,4.463832681267377e-07,0.9999960064888,2.694857947904694e-10,4.385358565173192e-08,3.475793391771731e-06
83,5ec7ad26.wav,Hi-hat,Hi-hat,4.414304033417693e-09,7.983184426019196e-13,1.567762275556106e-08,2.4407542653648306e-08,1.020484966061247e-15,2.2561556178857245e-08,0.9999613165855408,5.849261630608282e-10,1.9301640286073507e-09,3.862308949464932e-05
84,a1b369d7.wav,Hi-hat,Hi-hat,1.941230953761419e-09,7.257285457263826e-14,1.6303382255333787e-11,2.8502542548380916e-09,2.2984533254474264e-20,4.665857283869812e-11,0.9999992847442627,1.594937654170181e-10,5.868259211894156e-10,7.891650852798193e-07
85,8cd809d3.wav,Hi-hat,Hi-hat,1.4002304524196596e-11,7.543628807553382e-13,3.606677845269246e-09,7.180026386777172e-07,7.452634606540233e-17,2.6266422370468945e-09,0.9043058156967163,1.274121086414226e-11,5.078913289935372e-09,0.09569356590509415
86,aed9d22f.wav,Hi-hat,Hi-hat,7.420521419554404e-10,2.7006329030715426e-12,1.07551185735133e-08,4.266508479844333e-09,2.2398885047084094e-13,3.9461493628323296e-08,0.9999987483024597,1.4068928066990338e-07,1.8126491418968271e-09,1.075195541488938e-06
87,a7964699.wav,Hi-hat,Hi-hat,5.6721480810872915e-12,2.4104234690999543e-15,1.7527602702571699e-09,1.0430685204454448e-09,5.066871254621416e-20,2.0986565263392265e-10,0.9999924898147583,1.0812835002371735e-12,5.920882117926851e-10,7.5077668952872045e-06
88,da3f8050.wav,Hi-hat,Hi-hat,4.3980201425153354e-11,8.502724913039827e-11,1.6351008014225954e-07,1.7071421609671233e-07,2.2938329838004257e-14,8.406967026530765e-06,0.9325208067893982,1.5520010165914755e-08,1.3110193322063424e-05,0.06745728850364685
89,468f9c4c.wav,Hi-hat,Hi-hat,7.445427763741463e-05,5.186336693441262e-07,1.715988946671132e-05,4.495932444115169e-06,1.1230055774191783e-09,0.0001358932931907475,0.739862859249115,0.05256148427724838,0.003197845770046115,0.20414529740810394
90,229be2be.wav,Snare_drum,Snare_drum,4.1262759623350576e-05,2.075045586025226e-06,0.00573963625356555,5.7638544603833e-07,3.6676166104143704e-08,1.1899607670784462e-05,0.0005147095653228462,1.1147036502734409e-06,0.9936796426773071,8.901351975509897e-06
91,b6cbc6a9.wav,Snare_drum,Snare_drum,5.2524526394925886e-11,7.760418974100958e-09,6.972866799515032e-07,4.134295128466192e-10,1.6398677121082228e-13,4.901466468254512e-07,0.006207822356373072,2.3798354220616602e-07,0.9937901496887207,6.416005930987012e-07
92,ae7d1c37.wav,Snare_drum,Snare_drum,3.100537651334889e-05,8.508148630070878e-10,0.007220466621220112,3.967441841723485e-08,7.176909548434196e-06,4.477806569980203e-09,2.0660424759899598e-11,0.006498430389910936,0.9862404465675354,2.495225544407731e-06
93,82d4fb44.wav,Snare_drum,Snare_drum,2.568081981735304e-06,3.408576176866518e-08,0.00037728389725089073,2.5610376042095595e-08,1.935790550078309e-08,3.231455769636682e-09,0.030309999361634254,0.000231579237151891,0.9690306782722473,4.78858855785802e-05
94,4c590f69.wav,Snare_drum,Snare_drum,2.18969664622648e-09,5.454111051683697e-10,8.08755157777341e-06,4.150030985528019e-09,2.83258063272368e-13,3.7235549825709313e-06,0.0001299259893130511,4.0707948301133e-07,0.9998472929000854,1.049790716933785e-05
95,1c9a423f.wav,Snare_drum,Snare_drum,1.1207221782549848e-11,6.833482771203799e-15,3.7396748666651547e-06,7.755775577322765e-09,2.87356218523597e-16,0.0007529766298830509,1.9873431242670159e-13,3.3603284044225745e-10,0.9970508813858032,0.00219235522672534
96,f0727eac.wav,Snare_drum,Snare_drum,6.826268439397154e-09,8.502031789703324e-08,7.675246706639882e-06,4.039025558455478e-09,2.886024549225187e-14,2.886359027343133e-07,0.00026357025490142405,5.437559593701735e-06,0.9997228980064392,1.699456753101458e-08
97,31db8c5e.wav,Snare_drum,Snare_drum,2.3953357413120102e-06,0.00013938758638687432,2.9773909773211926e-05,4.007531195782121e-09,2.3650468250480117e-09,7.021412329777377e-06,4.6564997546738596e-07,4.058904232806526e-05,0.9997768402099609,3.4901813705801032e-06
98,b86b5a96.wav,Snare_drum,Snare_drum,1.5490513316507304e-09,1.161385085879374e-07,1.6144309000765134e-08,7.419290008747748e-12,1.79190880883473e-11,1.1135237620862881e-08,8.177448940216436e-09,2.7035729210922455e-09,0.9999998807907104,1.1933417587428607e-09
99,6fca680b.wav,Snare_drum,Snare_drum,1.991730869121966e-08,3.6004095260722124e-09,1.829866249636325e-07,6.486015197149086e-11,1.6022555504591196e-10,3.052771230249718e-11,3.9004421220623087e-11,1.1235780306151355e-07,0.999999463558197,2.1644967773681856e-07
100,1bc8eae1.wav,Snare_drum,Snare_drum,0.010479043237864971,1.5880679882229742e-07,4.620712934411131e-05,1.514093739274358e-08,4.885439466306707e-07,3.115032450295985e-05,5.227586807876605e-09,0.000895648670848459,0.9885473251342773,7.18563200052813e-08
101,46b52f97.wav,Snare_drum,Snare_drum,3.738265831998433e-06,1.8631709508554195e-09,1.8059186004393268e-06,7.801566503928825e-09,4.769086903166908e-09,1.5511090168729424e-05,8.968348993221298e-06,1.3449684956867713e-05,0.9996616244316101,0.0002949200861621648
102,0c67f402.wav,Snare_drum,Snare_drum,6.109667793907647e-08,5.849750905895235e-09,1.4530751712982237e-08,1.7142796513922032e-12,8.04424669237358e-13,2.1578754408335676e-11,2.8011264419092186e-09,6.6683689681212854e-09,0.9999999403953552,1.29188904907096e-07
103,c8ecbbfd.wav,Snare_drum,Snare_drum,2.9839546389354155e-09,1.567442708960698e-08,6.910867433873591e-09,1.92204650632799e-12,7.360172042149282e-13,2.7918380940405996e-09,7.1067258744506034e-09,1.4681545756900505e-08,1.0,6.925035545002345e-10
104,9f84ea5a.wav,Snare_drum,Snare_drum,0.0017516470979899168,2.604612916456972e-07,0.003435711143538356,0.00021028262563049793,0.009310461580753326,0.00017297998419962823,1.4869828035557475e-08,1.246325973625062e-05,0.9850389361381531,6.713793845847249e-05
105,e4958adc.wav,Snare_drum,Snare_drum,8.17660620668903e-05,3.8348963471435127e-07,0.010549245402216911,0.0005453184712678194,7.847162123653106e-06,1.7546061314988037e-07,8.165975534657477e-11,0.00899412203580141,0.9798197746276855,1.3674233514393563e-06
106,5ce40b1b.wav,Snare_drum,Snare_drum,6.358645805448759e-06,7.204775101854466e-06,5.2430292271310464e-05,2.2727301984826198e-10,3.157818007082369e-09,8.193199505512894e-07,5.46564571379804e-09,2.0875229438388487e-06,0.9999308586120605,3.202114555733715e-07
107,9d308738.wav,Snare_drum,Snare_drum,9.609331073079375e-07,7.008962938925833e-07,3.0212906494853087e-05,3.501889267454317e-08,5.163763860949189e-11,2.771516847133171e-06,4.1974537452915683e-05,0.0003940642927773297,0.9995289444923401,3.0759727565055073e-07
108,1e3391d5.wav,Snare_drum,Snare_drum,1.8569019175629364e-06,4.521235652532596e-08,1.1350900877005188e-06,5.555349513741703e-10,3.0592578470489684e-10,5.208315556615162e-09,1.3474475701880095e-10,4.3170959543203935e-05,0.9999522566795349,1.6063586372183636e-06
109,ff3f21e7.wav,Snare_drum,Snare_drum,2.999528760483372e-06,1.5439785006066131e-09,6.475856935139745e-05,1.4045340890334046e-08,2.8874833333247807e-06,1.916692937697917e-08,6.765100701855431e-10,0.016271330416202545,0.9836068153381348,5.1205734052928165e-05
110,b68f10af.wav,Snare_drum,Snare_drum,1.603916462045163e-05,6.521323030028725e-06,4.234181233186973e-06,2.006620425376582e-09,3.3112440567251156e-10,1.9174292901880108e-05,7.397625836347288e-07,9.517733269603923e-05,0.9998554587364197,2.6375923880550545e-06
111,e8e00924.wav,Snare_drum,Snare_drum,2.8982155981793767e-06,6.007844035593735e-07,1.690458475422929e-07,7.776270294357346e-09,5.348904097424168e-10,2.668618799361866e-05,2.4717861379031092e-05,9.452735980630678e-07,0.9999430775642395,8.365350936401228e-07
112,22e1c02c.wav,Snare_drum,Snare_drum,1.964004603394187e-08,5.075521869457589e-08,4.7512436651686585e-08,2.2098516072599494e-10,7.128700407754707e-10,2.0233285269455337e-08,4.820917554049231e-10,1.3032108725496983e-08,0.9999998807907104,2.172595259253285e-08
113,5c33d972.wav,Snare_drum,Snare_drum,4.231754857642045e-08,2.319440611797674e-10,2.0275670920000266e-07,3.97858229916892e-06,7.19258611003859e-11,1.5347060866588436e-07,9.633660980057357e-09,7.545882252379954e-10,0.9999920129776001,3.6251394703867845e-06
114,9320c55f.wav,Snare_drum,Snare_drum,1.868127839088629e-07,1.0794542504299898e-07,2.529253890770633e-07,1.5548780041285681e-09,7.792328560185524e-09,1.77907281795342e-07,2.1477799538871523e-09,1.0384144388808636e-07,0.9999990463256836,1.35731582417975e-07
115,f1754aea.wav,Snare_drum,Snare_drum,5.188113391341176e-06,0.00015139966853894293,3.982584166806191e-05,9.901085507024732e-10,6.344840652872108e-09,1.0202803224501622e-07,3.575661722265977e-08,1.0571040576223822e-07,0.9998031854629517,9.189366068085292e-08
116,b218444c.wav,Snare_drum,Snare_drum,8.452758265775628e-06,1.5015215737435028e-08,1.0501452379685361e-05,3.843461104935386e-09,2.4111145648930687e-06,2.6219410642625007e-08,2.051359429544597e-11,0.00010319174180040136,0.9704421758651733,0.029433151707053185
117,36d06cc0.wav,Snare_drum,Snare_drum,3.0047624477447243e-07,3.6846296325165895e-07,1.0711205078450803e-07,1.6606936936724992e-09,2.2075766215046144e-10,1.8304675830638217e-10,3.098512071919579e-11,2.976904852403095e-06,0.9999924898147583,3.7414708913274808e-06
118,4c4d4797.wav,Snare_drum,Acoustic_guitar,,,,,,,,,,
119,cae0d841.wav,Snare_drum,Snare_drum,3.5250566909894587e-09,3.149676297553583e-09,1.5285880294868548e-07,1.4161018668801262e-07,3.9310775365149556e-14,5.3093153837835416e-05,0.0005254152347333729,1.1692093693227434e-07,0.9991641044616699,0.0002569052448961884
120,17f82c05.wav,Acoustic_guitar,Acoustic_guitar,0.9240396618843079,1.2302165259825415e-06,0.022916484624147415,4.291121877031401e-05,0.008974023163318634,0.0002729433763306588,7.451803867297713e-07,0.04071028530597687,1.1506398550409358e-05,0.0030301930382847786
121,0eeaebcb.wav,Acoustic_guitar,Acoustic_guitar,0.9941633939743042,9.184136229301032e-10,0.0008169148932211101,1.6722608506825054e-06,2.4243887310149148e-05,0.00495945056900382,6.897211274337067e-11,6.929928531462792e-06,2.1319821996712562e-07,2.7147912987857126e-05
122,e92bf0fa.wav,Acoustic_guitar,Acoustic_guitar,0.9960917830467224,6.812221453600387e-09,0.0029864213429391384,7.742892762507836e-07,0.00010797173308674246,0.0004945661639794707,1.0007029231928755e-06,5.4443666158476844e-05,1.0886295598311335e-07,0.00026303838239982724
123,10da16fb.wav,Acoustic_guitar,Acoustic_guitar,0.9960751533508301,5.495065513727582e-10,1.1347040526743513e-05,1.899706148833502e-05,9.653914503360284e-07,0.00014708380331285298,4.645912543566055e-09,0.0011924339924007654,9.733116712595802e-07,0.0025530485436320305
124,a25423a8.wav,Acoustic_guitar,Acoustic_guitar,0.9294115304946899,0.0001868245890364051,0.014329008758068085,7.134245242923498e-05,0.05217006802558899,0.0009481832385063171,5.807444267702522e-07,0.0022596819326281548,8.7655549577903e-05,0.000535079394467175
125,16c9a838.wav,Acoustic_guitar,Acoustic_guitar,0.9662958383560181,1.0888824564236899e-10,0.00010405082139186561,0.03271685913205147,0.00012995407450944185,0.0002914561191573739,5.584600337726897e-09,5.624009281746112e-05,4.175625178959308e-07,0.00040525669464841485
126,70ca9c77.wav,Acoustic_guitar,Acoustic_guitar,0.7989026308059692,0.00010333451791666448,0.07281573861837387,0.004514800384640694,0.11698651313781738,0.000835554616060108,5.014610060527502e-09,0.000490800419356674,0.005268959794193506,8.15912353573367e-05
127,38216fad.wav,Acoustic_guitar,Acoustic_guitar,0.9455695152282715,0.00011666533828247339,0.017207367345690727,0.00017761270282790065,0.002201065421104431,0.00033179996535182,7.299020694517822e-07,0.017365217208862305,0.012579496949911118,0.004450691398233175
128,d8a257e5.wav,Acoustic_guitar,Acoustic_guitar,0.9918454885482788,3.0094464698038337e-09,7.072638254612684e-05,3.150798875140026e-06,0.0001705586473690346,1.9911252820747904e-05,3.72149967092783e-12,0.00783028919249773,1.0915575785475085e-06,5.8868503401754424e-05
129,7506dcc4.wav,Acoustic_guitar,Acoustic_guitar,0.9494721293449402,7.686913328086575e-10,0.0006542641203850508,0.0030642820056527853,0.0001142160763265565,0.000877495389431715,1.0655545338522643e-05,3.0251465432229452e-05,0.0001933143357746303,0.045583438128232956
130,a6728901.wav,Acoustic_guitar,Acoustic_guitar,0.9998377561569214,2.704157557598119e-11,5.804358238492568e-07,2.8296842629060848e-06,5.008354946767213e-06,0.00014908250886946917,3.39452466135981e-09,1.6525899582120473e-07,3.14808804025013e-11,4.681962309405208e-06
131,b88322f6.wav,Acoustic_guitar,Acoustic_guitar,0.9845609068870544,7.669742626603693e-05,0.011402829550206661,1.0787592145788949e-05,0.0001237708784174174,0.000445954647148028,1.0781796788705833e-07,0.0018545325146988034,7.049832493066788e-05,0.0014539905823767185
132,35039ae1.wav,Acoustic_guitar,Acoustic_guitar,0.999698281288147,2.8231086357521917e-09,0.00021942859166301787,3.0904474535020654e-09,4.401630171457782e-09,8.7331955000991e-06,2.856497816061676e-10,7.983609975781292e-06,9.865847459877841e-06,5.570244320551865e-05
133,236cbab1.wav,Acoustic_guitar,Acoustic_guitar,0.8909961581230164,5.832090027979575e-05,0.03932448849081993,8.131333015626296e-05,0.0267044510692358,0.0023003818932920694,2.5772163780857227e-07,0.03808853030204773,0.0019031931878998876,0.0005429251468740404
134,0356dec7.wav,Acoustic_guitar,Acoustic_guitar,0.967875063419342,9.811147094751504e-08,0.00019727853941731155,1.2796496775990818e-05,1.0073153134726454e-05,0.0008662705076858401,2.8486639713776185e-09,0.00585653493180871,0.023865584284067154,0.001316262991167605
135,bb1f5874.wav,Acoustic_guitar,Acoustic_guitar,0.9687246680259705,2.0536248257485568e-07,0.0004884903901256621,0.0005499327671714127,0.0011312644928693771,0.0024395063519477844,6.233562453417107e-05,0.00028254074277356267,5.4197262215893716e-05,0.02626679092645645
136,34747922.wav,Acoustic_guitar,Acoustic_guitar,0.9803468585014343,7.867942741768275e-09,6.297479558270425e-05,3.5739867598749697e-06,3.5208404369768687e-07,0.00025036459555849433,1.7790581523513538e-06,6.595805461984128e-05,0.00023688016517553478,0.019031353294849396
137,44fb3eeb.wav,Acoustic_guitar,Acoustic_guitar,0.9384766817092896,2.9770442324661417e-06,0.028010567650198936,1.2845880519307684e-05,5.881865035917144e-06,0.0010708654299378395,9.053656491175843e-09,0.031187092885375023,5.980422065476887e-05,0.0011732933344319463
138,367ad7b1.wav,Acoustic_guitar,Acoustic_guitar,0.9384105801582336,1.7113899275500444e-06,0.0004573922778945416,0.0012729467125609517,0.04646250605583191,0.007379256654530764,7.914883099147119e-06,0.0008897806983441114,0.00441852118819952,0.0006994001450948417
139,160c92d7.wav,Acoustic_guitar,Acoustic_guitar,0.9980278015136719,2.8186613043601483e-09,0.0002641481114551425,3.334459961479297e-06,1.6385404251195723e-06,0.0010034688748419285,7.649822464372846e-08,5.1963354053441435e-05,9.105747267312836e-07,0.0006465777987614274
140,2016d256.wav,Acoustic_guitar,Acoustic_guitar,0.9196678996086121,2.4291701462841875e-12,6.436424655476003e-07,0.027489695698022842,1.6044024960137904e-05,9.677714842837304e-06,2.530428755420644e-09,0.0015614029252901673,1.410410163771303e-06,0.05125324800610542
141,fc55d588.wav,Acoustic_guitar,Acoustic_guitar,0.9125956892967224,2.4230366761912592e-05,0.019932419061660767,0.003577048424631357,0.011959786526858807,0.027304140850901604,2.1982348243909655e-06,0.0169240590184927,0.005914489272981882,0.0017659654840826988
142,c7846d27.wav,Acoustic_guitar,Acoustic_guitar,0.9872668981552124,1.1372813597762972e-17,1.2402441825543065e-05,6.46407570457086e-05,2.093509393619186e-12,5.7966302847489715e-05,5.0476090321383005e-12,4.852848178416025e-06,1.278123273884546e-09,0.01259323488920927
143,55822aae.wav,Acoustic_guitar,Acoustic_guitar,0.9681286811828613,7.3374408202653285e-06,0.008649421855807304,1.079683715943247e-05,0.012186742387712002,0.0009408314945176244,3.349643762362575e-08,0.009959494695067406,4.493633696256438e-06,0.00011222364992136136
144,9923ddf8.wav,Acoustic_guitar,Acoustic_guitar,0.9986639022827148,5.640528450433539e-16,1.0178251841352903e-07,0.0010687445756047964,2.9090762154737604e-07,7.032421933672595e-08,9.856036875532936e-09,1.2937451856487314e-06,4.118503316163924e-09,0.0002655650896485895
145,32dee61b.wav,Acoustic_guitar,Acoustic_guitar,0.9535866379737854,0.0010171382455155253,0.018982648849487305,3.709561133291572e-05,0.009828279726207256,0.00034453050466254354,5.150644710738561e-08,0.015511700883507729,6.256005144678056e-05,0.0006294191698543727
146,fa4d4a92.wav,Acoustic_guitar,Acoustic_guitar,0.8864887356758118,8.922176562009554e-07,0.035645946860313416,0.0022981883957982063,0.0742858275771141,7.519538485212252e-05,1.1063681995437946e-05,0.000584850087761879,0.00044679443817585707,0.00016258400864899158
147,8da75280.wav,Acoustic_guitar,Acoustic_guitar,0.7101842164993286,2.586956907180138e-05,0.05441083014011383,0.0003472482494544238,0.21965545415878296,0.0004677472170442343,2.0479889428770548e-07,0.014636900275945663,0.0001911471481435001,8.027211151784286e-05
148,b2261238.wav,Acoustic_guitar,Acoustic_guitar,0.9643904566764832,4.450202141015325e-06,0.002077497309073806,0.004435122013092041,0.0004932786105200648,0.008567619137465954,3.4997451603402396e-09,0.014546714723110199,0.00451549980789423,0.0009694020263850689
149,673defaf.wav,Acoustic_guitar,Acoustic_guitar,0.9828245043754578,2.0134051370579442e-10,2.7020074412575923e-05,4.185345460427925e-05,6.915523158568249e-07,2.6614756279741414e-05,6.9347028119892684e-12,0.017064381390810013,5.833892480211489e-09,1.4923027265467681e-05
150,e6597186.wav,Double_bass,Double_bass,0.08395853638648987,3.9303392895817524e-07,0.1379619687795639,0.001292145112529397,0.7751691341400146,1.0310739071428543e-06,3.484844079970628e-10,0.0005692257545888424,0.001033327542245388,1.4176120203046594e-05
151,fcfafbc8.wav,Double_bass,Double_bass,0.005819929763674736,0.029508210718631744,0.008419306017458439,6.544172720168717e-06,0.9420857429504395,2.3487014004786033e-06,2.9343352192512384e-09,1.2080949090886861e-05,0.014137578196823597,8.337091458088253e-06
152,444f9db5.wav,Double_bass,Double_bass,0.0027539879083633423,5.6147528084693477e-05,0.028078509494662285,9.86169688985683e-05,0.8600535988807678,0.019597476348280907,6.026893970556557e-07,0.08283845335245132,7.849240500945598e-05,0.006444114726036787
153,19893aa8.wav,Double_bass,Double_bass,0.0015959538286551833,0.002269240329042077,0.0007476579048670828,4.810523478226969e-06,0.9951958656311035,5.626926053992065e-07,8.438475695982106e-09,2.874930714824586e-06,0.00018143093620892614,1.6547339782846393e-06
154,f042282c.wav,Double_bass,Double_bass,0.00469169719144702,0.0010810630628839135,0.006728370673954487,5.731072451453656e-05,0.9837095737457275,0.0005353621672838926,2.1335036848313393e-08,0.0031162274535745382,2.1668940462404862e-05,5.876316936337389e-05
155,95e1d0ae.wav,Double_bass,Double_bass,0.0014658509753644466,0.00037024362245574594,0.0076902140863239765,0.03444191813468933,0.9093683958053589,0.001149990246631205,1.272230178983591e-07,0.032096415758132935,6.961581675568596e-05,0.01334711629897356
156,595c191d.wav,Double_bass,Double_bass,0.0006296529900282621,0.0013546665431931615,0.0008033265476115048,0.0024238452315330505,0.987281322479248,0.00046854422544129193,3.929955596504442e-07,0.00701826112344861,1.646128475840669e-05,3.6386345527716912e-06
157,8073923c.wav,Double_bass,Double_bass,0.18418927490711212,8.21307476144284e-05,0.14754842221736908,0.0002962840080726892,0.661360502243042,3.269872104283422e-05,1.0682536633055406e-08,9.145215153694153e-05,0.006383264437317848,1.597826303623151e-05
158,6efbaf90.wav,Double_bass,Double_bass,0.05955478176474571,0.017260538414120674,0.018004614859819412,0.00023726331710349768,0.9046875834465027,2.003817462536972e-05,8.673559648286755e-09,1.8478431229596026e-05,0.00021163605561014265,5.0971061682503205e-06
159,642ad7e4.wav,Double_bass,Double_bass,0.005719381850212812,0.0005665244534611702,0.005810288246721029,6.423013587664173e-07,0.9877233505249023,1.1837068996101152e-05,8.131582518444702e-09,2.038952698057983e-05,9.203100489685312e-05,5.5517724831588566e-05
160,5eadbc6d.wav,Double_bass,Double_bass,0.03974597156047821,8.840222290018573e-05,0.0037107127718627453,0.0017282534390687943,0.9545205235481262,0.00010629594180500135,9.351823848646745e-08,4.06712424592115e-05,3.1188628781819716e-05,2.773165761027485e-05
161,1a7d3f2d.wav,Double_bass,Double_bass,0.2669576108455658,1.6913591025513597e-05,0.10142246633768082,7.72619605413638e-05,0.5929054021835327,5.678959382748872e-07,6.098151761335657e-09,7.451331475749612e-05,0.03843021020293236,0.00011508269381010905
162,13da16ae.wav,Double_bass,Double_bass,0.0007168309530243278,0.006403599865734577,0.00043198990169912577,0.00047373364213854074,0.9914590716362,0.0003080987080466002,4.4112218233749445e-07,0.00016290695930365473,8.89292005012976e-06,3.4569478884804994e-05
163,103f29e5.wav,Double_bass,Double_bass,0.006501884665340185,6.388257315848023e-05,4.809433448826894e-06,0.00029456900665536523,0.9913232922554016,0.00030979025177657604,8.027748663153034e-06,0.0003229841822758317,0.00011081280536018312,0.0010598893277347088
164,da8ea649.wav,Double_bass,Double_bass,0.0052350964397192,0.06554672867059708,0.02191837877035141,2.8589840439963154e-05,0.8872606158256531,3.3983860703301616e-07,5.821136461747756e-09,2.79439573205309e-05,0.019977234303951263,5.11136204295326e-06
165,ca348cbb.wav,Double_bass,Double_bass,0.020714471116662025,6.236104673007503e-05,0.14549680054187775,6.420878435164923e-06,0.8336799740791321,1.393461523946371e-08,5.047678594549687e-11,1.3094962696413859e-06,3.859787466353737e-05,1.1497696128515145e-08
166,8ce2e863.wav,Double_bass,Double_bass,0.003460327861830592,0.0147677818313241,0.00010899073095060885,0.00022473880380857736,0.9814229607582092,7.884126716817264e-06,7.961276793366778e-08,4.2098522499145474e-06,6.513861876555893e-07,2.354480102439993e-06
167,462b676f.wav,Double_bass,Double_bass,0.04978539049625397,0.025516385212540627,0.0016847681254148483,0.0002405044942861423,0.9191703796386719,0.0019282498396933079,3.212137755781441e-07,0.0007781218737363815,1.4636674677603878e-05,0.0008811214938759804
168,b428466c.wav,Double_bass,Double_bass,0.0027657262980937958,0.000397390074795112,0.0006100701284594834,1.2550574410852278e-06,0.9961771368980408,3.6110111523157684e-06,4.2340028705289967e-10,1.13032756416942e-05,2.269229298690334e-06,3.1358391424873844e-05
169,4fd883bb.wav,Double_bass,Double_bass,0.07652521878480911,8.872757462086156e-05,0.026563268154859543,9.924308869813103e-06,0.8965583443641663,4.430457465787185e-06,7.47270156864488e-09,1.7226066120201722e-05,0.00020497474179137498,2.7909914933843538e-05
170,2ac8b94f.wav,Double_bass,Double_bass,0.011219959706068039,0.00027512171072885394,0.05315437167882919,0.00817203614860773,0.9136382341384888,0.0069184815511107445,5.419141579920961e-09,0.005619768984615803,6.233909971342655e-06,0.0009955993155017495
171,c840804f.wav,Double_bass,Double_bass,0.0068102371878921986,0.006167142651975155,0.0037431728560477495,1.4865267985442188e-05,0.9822390675544739,4.667641860578442e-06,1.091358754479188e-07,3.816540265688673e-05,0.0007952232845127583,0.00018729943258222193
172,f63f3703.wav,Double_bass,Double_bass,0.002093982184305787,0.04642374441027641,0.01736827753484249,1.9970239861777372e-07,0.9340190887451172,3.1698260727353045e-07,4.812110709906392e-10,2.545423740230035e-05,4.285267641535029e-05,2.6100169634446502e-05
173,c0ddf010.wav,Double_bass,Double_bass,0.061036963015794754,0.04833153262734413,0.0026840856298804283,6.117142766015604e-05,0.8705297112464905,0.0011319080367684364,1.0709721465218536e-07,0.015232292003929615,0.0008635491249151528,0.00012850353959947824
174,a0cbe92e.wav,Double_bass,Double_bass,0.012413738295435905,0.005074744112789631,0.009026620537042618,1.2337837688392028e-05,0.9641618728637695,1.0992818715749308e-05,2.300801149601739e-08,2.4548469355067937e-06,0.009285965003073215,1.1241892934776843e-05
175,4fb480bf.wav,Double_bass,Double_bass,0.007570989895612001,0.27378734946250916,0.08200623840093613,1.6287732478303951e-06,0.6352151036262512,6.3219845287676435e-06,2.2465831417406434e-09,0.0012340680696070194,4.2084589949809015e-05,0.00013639793905895203
176,9dd0141c.wav,Double_bass,Double_bass,0.015580986626446247,5.419009994511725e-06,0.0031974725425243378,0.0005615230184048414,0.9763496518135071,0.0018308961298316717,8.045599741990372e-09,0.0009286229033023119,0.00150342530105263,4.205032018944621e-05
177,deb87700.wav,Double_bass,Double_bass,0.008882036432623863,1.4556833960455151e-08,0.01814613677561283,0.04978211969137192,0.922681987285614,0.0003048156213480979,9.430240588415018e-09,0.0001152802724391222,7.561107486253604e-05,1.1937529961869586e-05
178,e0ecd1a6.wav,Double_bass,Double_bass,0.16953755915164948,1.3580244740296621e-05,0.06580240279436111,0.002683548489585519,0.74006187915802,0.007543784100562334,4.576412138135311e-09,0.004558694548904896,0.007667004130780697,0.0021316027268767357
179,0286fc27.wav,Double_bass,Double_bass,0.0017038150690495968,0.0011491787154227495,7.359960000030696e-05,2.6972834348271135e-06,0.9969031810760498,0.00010834983550012112,5.630135433420946e-07,3.8636382669210434e-05,7.761138931527967e-07,1.9219096429878846e-05
180,e2d993ec.wav,Cello,Cello,0.0008363110246136785,1.0779992010157002e-08,0.9848055243492126,0.011831255629658699,3.8770238461438566e-05,0.001689012860879302,1.0336131950339222e-10,0.0007984244148246944,5.483898917191254e-07,1.2772805746408267e-07
181,0091fc7f.wav,Cello,Cello,0.01196203101426363,2.2987464035395533e-05,0.8581113219261169,0.0756029337644577,0.015316631644964218,0.030037319287657738,4.632015588867944e-06,0.00014529879263136536,0.00863016489893198,0.0001666450989432633
182,e55c5160.wav,Cello,Cello,0.011832600459456444,5.323358820419344e-08,0.9753156900405884,0.006889890879392624,0.00018830188491847366,0.0010002320632338524,7.924563227845738e-10,0.0016389728989452124,4.363890184322372e-06,0.003129909746348858
183,a59b5a08.wav,Cello,Cello,0.0006414404488168657,8.178879397746641e-06,0.9922838807106018,1.1818855455203447e-05,0.005889075808227062,5.914853772992501e-06,2.9134841240952003e-12,3.377602479304187e-05,0.0011256712023168802,7.525511591666145e-08
184,88500b88.wav,Cello,Cello,0.001259737298823893,4.521298706094967e-06,0.8898630142211914,0.007139855995774269,0.019189782440662384,0.05825851112604141,2.8481548230985254e-09,0.024261904880404472,8.402955700148595e-07,2.1846011804882437e-05
185,743ae0f9.wav,Cello,Cello,0.0021446943283081055,8.047135452216025e-06,0.9002373218536377,8.512321073794737e-06,0.07792365550994873,1.1360742064425722e-05,3.548789040408451e-11,0.01966230385005474,3.945183379983064e-06,2.6688914545047737e-07
186,9e3bc1b6.wav,Cello,Cello,0.00785132683813572,9.916234233742216e-08,0.9813839793205261,0.0004843680653721094,0.009489303454756737,0.0005136836552992463,2.9631702647137104e-10,0.00027513146051205695,6.28167811100866e-07,1.4377562820300227e-06
187,3e2bddda.wav,Cello,Cello,7.078852650010958e-05,4.1430876507320136e-09,0.9891725182533264,0.0005583388265222311,1.0397306127174488e-08,0.003935488872230053,3.470658782589453e-08,0.0004059209313709289,1.8802659269567812e-06,0.005854956805706024
188,d328db67.wav,Cello,Cello,0.07273318618535995,2.4003062208066694e-05,0.9027096629142761,3.8030880205042195e-06,1.9289120245957747e-05,0.00016392924590036273,1.6326857803505845e-05,0.023969417437911034,0.00028836147976107895,7.210083276731893e-05
189,7d896090.wav,Cello,Cello,0.04122573137283325,7.388777885353193e-05,0.8728148937225342,0.00955673586577177,0.01921757683157921,0.013783111236989498,2.9376184329521493e-07,0.04288783296942711,3.860202559735626e-05,0.000401249504648149
190,4bff8f32.wav,Cello,Cello,0.0032652702648192644,0.00029681329033337533,0.9628274440765381,0.0054167029447853565,0.02620314061641693,0.0005727677489630878,2.7499529320351712e-09,0.0013762419112026691,4.081967199454084e-05,8.081528335424082e-07
191,5e5bca7a.wav,Cello,Cello,5.325881375028985e-06,4.515222826739773e-07,0.9998822808265686,7.658800882381911e-08,7.295317482203245e-05,1.2983899466689763e-07,1.492245577627805e-15,2.816016240103636e-05,1.0643329005688429e-05,4.505512851693538e-09
192,811bf309.wav,Cello,Cello,3.3597348192415666e-07,4.430385780462842e-10,0.9981580376625061,5.421073865363724e-07,1.2543667253339663e-05,3.624836608651094e-05,9.695412282398211e-16,0.0017922520637512207,4.208286497053848e-10,1.868069858801391e-07
193,5689818f.wav,Cello,Cello,0.000798793975263834,4.720317539619323e-11,0.998801052570343,1.4512473889283228e-08,4.370795977592934e-06,4.576599621941568e-06,1.827075003877493e-13,0.00039097663830034435,2.324776993134492e-08,1.8444690397245722e-07
194,81d9f077.wav,Cello,Cello,0.02341470494866371,5.5379437071678694e-06,0.9192461371421814,0.00485455384477973,0.041460324078798294,0.004851269070059061,9.088100050291814e-09,0.0046987044624984264,0.0014304493088275194,3.847770130960271e-05
195,00353774.wav,Cello,Cello,0.007324785925447941,1.6874622815521434e-05,0.914962887763977,0.0010586405405774713,0.00709025701507926,0.04819905385375023,0.0006444041500799358,0.01697075553238392,0.0006991691770963371,0.003033107379451394
196,6a210ffa.wav,Cello,Cello,0.014205374754965305,1.142650671681622e-05,0.9507501125335693,0.0002322129876120016,0.033343177288770676,0.0006623648223467171,2.632523310452939e-09,0.0002640404272824526,0.000508718891069293,2.2598065697820857e-05
197,e97d9707.wav,Cello,Cello,0.009312817826867104,2.138922283734246e-08,0.9266113042831421,8.122242434183136e-05,0.00026801470085047185,0.005471440497785807,9.588151106409981e-11,0.05822945758700371,7.932380086117519e-09,2.584795220172964e-05
198,238b16a5.wav,Cello,Cello,0.039009686559438705,4.58894282928668e-06,0.8825218677520752,0.0002495187509339303,0.07574990391731262,0.0008957485551945865,1.775404712134332e-08,0.0011935782385990024,7.914122397778556e-05,0.00029596328386105597
199,dc5be9d7.wav,Cello,Cello,0.019795702770352364,5.793301056655764e-07,0.9683188796043396,0.004505249205976725,0.0035068492870777845,0.0009606569656170905,2.059402204324101e-09,0.0029118191450834274,1.90445604175693e-07,8.927275985115557e-08
200,f9653de8.wav,Cello,Cello,0.0011027969885617495,0.00013610006135422736,0.977023720741272,1.1636947419901844e-05,0.009995324537158012,3.1576043966197176e-06,6.434337784799737e-11,0.011712425388395786,1.4151396499073599e-05,4.87385648284544e-07
201,31dbc5c0.wav,Cello,Cello,0.05470479652285576,3.9237855276041955e-07,0.9312946200370789,0.00018638401525095105,0.0005368776037357748,0.010149460285902023,1.2197168608452102e-08,0.002209543250501156,8.364278869521513e-07,0.0009169699624180794
202,cbc8d551.wav,Cello,Cello,0.038172852247953415,2.030148351650496e-07,0.9476108551025391,0.001297478680498898,0.0035267139319330454,9.87857929430902e-05,1.1861284177072662e-10,0.006402317434549332,5.847532975167269e-06,0.0028850280214101076
203,195f544d.wav,Cello,Cello,0.002067761030048132,1.0492692936736603e-08,0.919817328453064,0.0019131341250613332,5.825374387313786e-07,0.0006671642768196762,6.392131035681814e-05,0.0014858028152957559,1.3561541436502011e-06,0.0739828497171402
204,22bea889.wav,Cello,Cello,0.0031375265680253506,3.655461114249192e-05,0.9554210901260376,0.0004148647130932659,0.0383063443005085,5.0775535783031955e-05,3.510729129629908e-08,0.0014231912791728973,0.001032837200909853,0.00017683161422610283
205,ab8e8ae3.wav,Cello,Cello,0.00023000157671049237,0.0003396201063878834,0.9808009266853333,2.6387013349449262e-05,0.0004792824911419302,0.006579218897968531,1.1434774238594514e-09,0.010539409704506397,0.0009779860265552998,2.6968140446115285e-05
206,e70c41d4.wav,Cello,Cello,0.002938082441687584,5.5921918828971684e-05,0.9224661588668823,0.0016480806516483426,0.0001511461305199191,0.016774503514170647,9.416876309842337e-06,0.03847889602184296,0.010640566237270832,0.006837209686636925
207,125e6ccf.wav,Cello,Cello,0.009951078332960606,1.1055141840188298e-05,0.9756830930709839,4.026812518986844e-07,5.9615940699586645e-05,5.194259574636817e-05,1.3484866556723318e-09,0.002083484549075365,0.012157849036157131,1.4603546105718124e-06
208,2da9e12a.wav,Cello,Cello,0.009481087327003479,1.125534708990017e-05,0.9486193656921387,0.00035697189741767943,0.030924510210752487,0.0006747472216375172,3.0894515390400556e-08,0.007290097419172525,0.0024011183995753527,0.00024090793158393353
209,34e4d187.wav,Cello,Cello,0.0003656880580820143,6.352670425258111e-06,0.9658700227737427,1.3259438674140256e-05,0.03335414081811905,1.2682451142609352e-06,9.063289702071486e-11,0.0003872950910590589,1.2963888593731099e-06,6.121023830019112e-07
210,52e54bdd.wav,Bass_drum,Bass_drum,0.0004249901103321463,0.9886207580566406,0.00015916963457129896,1.6486195590914576e-06,0.004594291560351849,2.3530999897047877e-05,6.793235307611667e-09,0.005941607989370823,1.2438870726327877e-05,0.00022162249661050737
211,6d21ad67.wav,Bass_drum,Bass_drum,0.00014587097393814474,0.9235633015632629,0.06763818860054016,1.6486600316056865e-06,0.007999946363270283,5.077864625491202e-05,6.687847164954519e-09,0.0004437524185050279,6.613798177568242e-05,9.048118954524398e-05
212,ca3f3698.wav,Bass_drum,Bass_drum,6.205469253472984e-05,0.9983813166618347,1.5340657455453766e-06,1.3967670042802638e-07,0.0010897527681663632,4.4296018586464925e-07,2.3175959762422593e-10,0.0003988750104326755,5.467008463710954e-07,6.536234286613762e-05
213,aa9ae956.wav,Bass_drum,Bass_drum,1.7684749309410108e-07,0.9997725486755371,5.734257229050854e-07,1.2526307102689316e-07,9.173768194159493e-05,7.075672669998312e-07,5.584702839067646e-12,0.00012436718679964542,8.805590034910438e-09,9.748860065883491e-06
214,0ddb4bdf.wav,Bass_drum,Bass_drum,2.4449962054973184e-08,0.9998993873596191,1.9799733408376596e-08,5.651195422728961e-08,7.184767309809104e-05,1.0508034620215767e-07,2.1832156308493333e-13,2.8116715839132667e-05,4.6554068933168935e-10,4.1948968032556877e-07
215,921eee9d.wav,Bass_drum,Bass_drum,0.02189689129590988,0.8144128918647766,0.00020229197980370373,0.0004048035480082035,9.721812239149585e-05,0.004085285123437643,0.00015070436347741634,0.1460125595331192,0.001392482896335423,0.011344888247549534
216,c153f347.wav,Bass_drum,Bass_drum,0.00013170937018003315,0.9970771074295044,8.316806997754611e-06,2.8717158784274943e-07,0.002040945691987872,8.792120524958591e-07,4.421608912341668e-10,0.0006911857635714114,1.5785320783834322e-06,4.797506335307844e-05
217,63e0ab2c.wav,Bass_drum,Bass_drum,3.964871098105505e-09,0.9999547600746155,2.169825208397924e-08,5.5052758796136914e-08,2.7975215743936133e-06,1.1567234281528727e-07,2.447434345031335e-13,4.18951858591754e-05,7.683907954358915e-10,2.8873972723886254e-07
218,88780eac.wav,Bass_drum,Bass_drum,0.000686384504660964,0.8345583081245422,0.000612977659329772,3.5724983717955183e-06,0.0005367276608012617,0.0017805807292461395,1.9816550320683746e-06,0.023004809394478798,0.11657056212425232,0.022244038060307503
219,bea51ca5.wav,Bass_drum,Bass_drum,0.00019573325698729604,0.9806491136550903,0.0013847327791154385,0.00016129632422234863,0.015032250434160233,2.4354323613806628e-05,1.0952330598001936e-07,0.0016766141634434462,0.00025408167857676744,0.0006217455957084894
220,f26131d8.wav,Bass_drum,Bass_drum,9.447119737160392e-06,0.9992794990539551,3.6719477520819055e-06,1.7581852773673745e-07,0.0001241327845491469,2.9201944471424213e-06,7.037783134045128e-10,0.00022990924480836838,3.129581091343425e-05,0.0003189326380379498
221,ce75b5ce.wav,Bass_drum,Bass_drum,0.00044709417852573097,0.9755228161811829,0.0007969684666022658,1.2999141290492844e-05,0.00047293552779592574,2.5098706828430295e-05,4.042824741645745e-08,0.021019453182816505,0.00022319357958622277,0.0014793649315834045
222,565f3ee2.wav,Bass_drum,Bass_drum,3.343665230204351e-05,0.9957805275917053,0.0002186107449233532,0.00014954454672988504,0.0022703437134623528,0.00029136179364286363,7.904382925971731e-08,0.0010553792817518115,5.558244538406143e-06,0.00019515743770170957
223,ff11628d.wav,Bass_drum,Bass_drum,1.334714170297957e-07,0.9998700022697449,1.798863564772546e-07,9.618908336506138e-09,8.322164649143815e-05,2.661593896391423e-07,4.0037625992361825e-12,4.2087693145731464e-05,1.9442776277855955e-09,4.102396815142129e-06
224,cdfc8967.wav,Bass_drum,Bass_drum,2.2066237761464436e-06,0.9998102188110352,5.313393103278941e-07,2.6200874359005866e-08,0.00012541671458166093,3.888392186013334e-08,3.45765673037679e-11,4.623889617505483e-05,1.6927192802995705e-07,1.5160578186623752e-05
225,f8a99b37.wav,Bass_drum,Bass_drum,3.187243891034086e-08,0.9999420046806335,4.3248704173493024e-08,1.2883091038418115e-08,3.578138057491742e-05,1.200580328486467e-07,4.947221560365478e-13,2.1358740923460573e-05,8.883024871231271e-10,6.599777293558873e-07
226,809ea09e.wav,Bass_drum,Bass_drum,2.738143791702896e-07,0.9997026920318604,3.4322576425438456e-07,1.7017568154642504e-07,5.144027454662137e-05,5.295048595144181e-07,1.9896495475485443e-12,0.0002393753529759124,2.4331316961223592e-09,5.114692612551153e-06
227,03fc1f96.wav,Bass_drum,Bass_drum,0.003207043744623661,0.9640306830406189,0.0001558608200866729,1.9006590719072847e-06,4.531704689725302e-06,0.00394435366615653,0.0004538539214991033,0.013489588163793087,0.013685745187103748,0.0010264595039188862
228,8b6a16de.wav,Bass_drum,Bass_drum,3.93885102312197e-06,0.999664843082428,7.087355129442585e-07,4.72557282193975e-08,0.0001877923496067524,6.023884679962066e-08,7.997928014313871e-11,0.0001175420984509401,3.006311146691587e-07,2.480276998539921e-05
229,7dda9dc2.wav,Bass_drum,Bass_drum,0.003257611533626914,0.9680143594741821,0.001818997785449028,1.3990219258630532e-06,0.01598002016544342,0.0007819613674655557,1.0831885610684822e-08,0.0024897719267755747,0.002361999126151204,0.0052938866429030895
230,3a9085ca.wav,Bass_drum,Bass_drum,0.00015978925512172282,0.8869723081588745,4.179288953309879e-05,3.0812964268989163e-06,0.00013510878488887101,0.00033320675720460713,7.965401209730771e-07,0.05606954172253609,0.04683740809559822,0.009446986950933933
231,4ba2b70e.wav,Bass_drum,Bass_drum,7.433511200360954e-05,0.9322298169136047,3.987525633419864e-05,9.255039117306296e-07,0.00024734713952057064,0.000258160347584635,1.21919413231808e-07,0.01776990294456482,0.04878389835357666,0.0005956336972303689
232,01c2f88b.wav,Bass_drum,Bass_drum,2.360819451041607e-08,0.9999569654464722,4.213551463294607e-08,1.2395141801846421e-08,2.658214361872524e-05,3.6682742177163163e-08,2.930476770534457e-13,1.5382129276986234e-05,4.208587700560429e-09,9.64010041570873e-07
233,ce3f3400.wav,Bass_drum,Bass_drum,0.0027132530231028795,0.9377373456954956,0.0007139635272324085,4.820508820557734e-06,0.00129357457626611,0.00014003382239025086,1.5476020465143847e-08,0.048951223492622375,8.914577483665198e-05,0.00835663266479969
234,6a96272b.wav,Bass_drum,Bass_drum,6.107033550506458e-05,0.9154492020606995,0.0001662351278355345,2.0777884856215678e-05,0.0839652493596077,1.070438065653434e-05,3.3392080212024666e-08,0.00016800691082607955,2.1262201698846184e-05,0.00013742901501245797
235,9adffd44.wav,Bass_drum,Bass_drum,0.0018354749772697687,0.983880877494812,3.165941234328784e-05,9.075150956050493e-06,0.012828314676880836,8.651801181258634e-05,8.085557112735842e-08,0.001144974958151579,3.6268988878873643e-06,0.00017936409858521074
236,7d11b3b4.wav,Bass_drum,Bass_drum,1.2700425941147842e-05,0.9994726181030273,3.831292815448251e-06,1.563928435643902e-07,0.00023004015383776277,2.488468737738003e-07,4.628424865593672e-10,0.00021822884446009994,1.6272431366814999e-06,6.060543091734871e-05
237,bab98261.wav,Bass_drum,Bass_drum,1.0679022125259507e-05,0.9995932579040527,3.6777419154532254e-06,8.867228729059207e-08,0.00011211864330107346,1.5283499976703752e-07,2.464672632651599e-10,0.00018622458446770906,3.1445260901818983e-06,9.071218664757907e-05
238,c11bacda.wav,Bass_drum,Bass_drum,0.00013706859317608178,0.9963213205337524,9.374305591336451e-06,4.519528431501385e-07,0.0013624380808323622,2.116578343702713e-06,2.622748240810324e-09,0.0017882587853819132,3.0786814022576436e-06,0.00037586994585581124
239,9a4bfb69.wav,Bass_drum,Bass_drum,0.0006121302722021937,0.9711087942123413,0.00021708062558900565,1.4158747490000678e-06,0.001010305481031537,0.0001339076115982607,5.818245440991632e-08,0.018060462549328804,0.00013307131303008646,0.00872277282178402
240,18865530.wav,Flute,Flute,3.958850356866606e-06,5.603882913263192e-10,0.003571770153939724,0.00018704590911511332,5.583537586062448e-06,0.980595588684082,0.0005003968835808337,0.00019672323833219707,4.490219907893334e-06,0.0149344801902771
241,9f6eac9c.wav,Flute,Flute,7.0641499405610375e-06,2.0971640424249927e-08,0.004841236397624016,0.027808738872408867,1.550180240883492e-05,0.9536911845207214,7.702059434677722e-09,0.013451083563268185,2.8138677166111847e-08,0.0001851233682828024
242,07db7f16.wav,Flute,Flute,2.497036533100072e-08,2.455483949850845e-12,1.5915364201646298e-05,0.003642869647592306,3.5514261887206744e-15,0.9786773920059204,1.3407091046246933e-06,1.78075665324684e-09,6.868569016660331e-06,0.01765569858253002
243,dc6676ff.wav,Flute,Flute,2.406508770036453e-07,1.5228821902297317e-17,1.5481371519854292e-05,0.00038860636414028704,4.5232612100321035e-10,0.9982707500457764,1.3076653537780203e-08,2.485127659213049e-08,1.8965496287695095e-14,0.001324809854850173
244,3eaddda8.wav,Flute,Flute,0.006718573626130819,1.437376795365708e-08,0.02118280716240406,0.039285797625780106,3.640739305410534e-05,0.797927975654602,7.762365328289889e-08,0.11008390784263611,3.0997824751466396e-08,0.024764584377408028
245,1b93aeba.wav,Flute,Flute,0.020999668166041374,1.1079911987899038e-10,5.225837412581313e-06,1.3427969861368183e-05,2.5399176593055017e-06,0.9787612557411194,2.213326633082602e-09,0.00018018610717263073,2.5158607286357437e-07,3.7481800973182544e-05
246,c683f28f.wav,Flute,Flute,0.003070658538490534,9.934347788842501e-10,0.0009516704012639821,0.0018128718947991729,3.890462903655134e-05,0.991515576839447,4.174262498157777e-12,0.0025000027380883694,7.274106206267561e-09,0.00011007659486494958
247,55d52a69.wav,Flute,Flute,1.4344074372729665e-07,9.46935793666448e-11,5.610481821349822e-06,0.001413325546309352,2.3880210164861637e-07,0.9952208399772644,3.275936322211237e-08,0.0033596812281757593,8.889660563227153e-08,5.561972216128197e-08
248,ca8653d2.wav,Flute,Flute,5.58877109142486e-05,3.4276098404006916e-08,0.00814349576830864,0.021013988181948662,0.0003029860963579267,0.9455345273017883,3.684286653538038e-08,0.024841107428073883,2.0057610527146608e-05,8.801519288681448e-05
249,6b27a847.wav,Flute,Flute,1.1497344530653208e-05,7.431611377002376e-19,7.603428093716502e-05,0.001030226587317884,2.5190041719191925e-10,0.9988802671432495,6.992972987122475e-17,1.9650947251648176e-06,2.426516883339549e-15,2.223904925231085e-13
250,4bcc8a77.wav,Flute,Flute,0.00014538891264237463,1.7291713894085348e-10,2.1731855213147355e-06,0.00011421515955589712,3.1866488825471606e-06,0.9984610080718994,2.708708778109692e-11,0.0012513654073700309,3.6400274439074565e-07,2.2341837393469177e-05
251,84f5b84b.wav,Flute,Flute,0.01929759979248047,1.3289113143244435e-09,0.0001451984280720353,0.00026922699180431664,3.297572561677953e-07,0.9800283908843994,1.3475858883643665e-12,0.0002515166124794632,1.6084662490811752e-08,7.608477517351275e-06
252,5d73ee6f.wav,Flute,Flute,0.004439668729901314,2.645209633556078e-06,0.008995416574180126,0.03832282871007919,0.003448340343311429,0.8625509738922119,5.840991434524767e-06,0.0762677863240242,0.0001437018217984587,0.005822739098221064
253,5d040c3b.wav,Flute,Flute,0.0044508930295705795,2.2578492409053297e-09,0.012893375009298325,0.00018758332589641213,0.00040535160223953426,0.9574097990989685,1.4458928498939372e-09,0.02443033643066883,1.325753089531645e-07,0.0002224937779828906
254,6a037ddf.wav,Flute,Flute,2.222830947085086e-11,2.4902980068700065e-13,1.3440801183151052e-07,0.00039831854519434273,1.2190849218995936e-08,0.9992679357528687,2.2270231492260706e-10,0.00033363731927238405,1.315121622713633e-10,1.7897939130762097e-08
255,35e97db3.wav,Flute,Flute,9.742806561519046e-11,9.957905591436089e-25,3.744406171790615e-07,2.351852526771836e-05,1.7996288578678256e-15,0.9999741315841675,1.4978496221118576e-09,7.274466445883476e-11,5.977534669830749e-18,1.892775571832317e-06
256,d14f5df1.wav,Flute,Flute,0.012668914161622524,3.367337058080011e-07,0.013959302566945553,0.016988350078463554,0.0036029277835041285,0.9109415411949158,1.613537250477748e-07,0.04106522351503372,7.256179287651321e-06,0.0007663233554922044
257,9f522cda.wav,Flute,Flute,2.3920667445054278e-05,1.8773282928208346e-09,6.0050777392461896e-05,0.0019720266573131084,8.199051808333024e-05,0.9938808679580688,8.167472032027945e-09,0.0023729081731289625,2.9907050702604465e-07,0.0016080255154520273
258,fe76c972.wav,Flute,Flute,0.015711134299635887,4.440329348653904e-08,0.012279403395950794,0.012386949732899666,7.837693556211889e-05,0.9143463373184204,7.808278468246499e-09,0.04470955207943916,2.9976646942486695e-07,0.00048795464681461453
259,562d93f5.wav,Flute,Flute,0.0005269023822620511,1.6488117537960534e-08,0.0013051354326307774,0.03792082145810127,4.828000965062529e-05,0.9290928840637207,4.751362041588436e-07,0.030734840780496597,8.532974788977299e-07,0.00036977158742956817
260,fa32109e.wav,Flute,Flute,0.00021747009304817766,8.878032531356439e-09,0.003047610865905881,0.023325791582465172,6.471592496382073e-05,0.9455421566963196,3.3544951261177403e-09,0.027702348306775093,2.4831672718050868e-08,9.985262295231223e-05
261,b4b2b68d.wav,Flute,Flute,0.07142380625009537,1.2009809324808884e-07,0.035659559071063995,0.03617273271083832,0.0016723207663744688,0.8398864269256592,6.99024704786666e-09,0.006363307125866413,3.155180138492142e-06,0.00881851278245449
262,af227d6f.wav,Flute,Flute,0.006360034458339214,1.5521528951012442e-08,0.05405333265662193,0.01979934610426426,0.0023513955529779196,0.8872405290603638,4.690750010638567e-09,0.02891525998711586,4.2586353288243117e-07,0.0012795337243005633
263,85d6a7d2.wav,Flute,Flute,0.0049559492617845535,3.376704071911263e-08,0.018259653821587563,0.01602364331483841,2.439598938508425e-05,0.9388895034790039,3.988901209339701e-09,0.021268874406814575,2.8047935529684764e-07,0.0005777936312370002
264,3707da71.wav,Flute,Flute,0.014940849505364895,3.7122913454368245e-07,0.02752584218978882,0.05461518093943596,0.0001341317838523537,0.8792109489440918,9.860333375399932e-05,0.007500305771827698,0.014082454144954681,0.0018914309330284595
265,61c914b1.wav,Flute,Flute,2.051964997917821e-08,9.074004026464466e-13,5.46265255252365e-08,0.016960959881544113,8.8120399865943e-10,0.98291015625,7.165950992316095e-12,0.00010829111852217466,8.455291046309543e-13,2.0467776266741566e-05
266,f5e20dce.wav,Flute,Flute,0.04098223149776459,1.9051854906138033e-05,0.05340975150465965,0.020501580089330673,0.003390074474737048,0.8361819982528687,1.1047841326217167e-05,0.02912367694079876,0.012702398002147675,0.0036782575771212578
267,b0d9849d.wav,Flute,Flute,0.0005803787498734891,2.5285913807238103e-07,0.008365428075194359,0.016664303839206696,0.00019201835675630718,0.9704684615135193,5.012676052018605e-09,0.0035448085982352495,8.552046324439289e-07,0.00018343381816521287
268,6ef82473.wav,Flute,Flute,0.01080880593508482,1.3210097904448048e-07,0.021230969578027725,0.02805042825639248,0.020258508622646332,0.8738808631896973,1.9960371844263136e-07,0.03503388538956642,9.8135627922602e-05,0.010638012550771236
269,8986cced.wav,Flute,Flute,2.9906077543273568e-05,2.733229848672636e-06,6.75889677950181e-05,2.5809751605265774e-05,0.00013758799468632787,0.9982960224151611,7.599027185278828e-07,0.0001995299244299531,0.00020082338596694171,0.0010393357370048761
270,a64a3740.wav,Clarinet,Clarinet,2.1406169209165632e-14,7.580418451480184e-24,4.758173455937653e-12,0.999964714050293,4.3343650048450026e-23,3.518020821502432e-05,5.393412496126904e-13,1.514214462375809e-16,1.5923665381070706e-12,8.814784990818225e-08
271,ad7ec8cb.wav,Clarinet,Clarinet,4.588673605935839e-17,1.6388150199873484e-25,4.447387735861952e-10,1.0,1.8213883222903106e-22,9.663573763418754e-08,3.5200063350226962e-12,8.131324491136748e-19,6.713107446234406e-14,7.144636549050176e-10
272,8ee44fb5.wav,Clarinet,Clarinet,1.116163457481889e-05,1.3805752737848162e-14,2.055359072983265e-05,0.9739587903022766,2.1193836801103316e-06,0.002961240941658616,6.534687031489739e-07,0.00024309210130013525,0.0002362465747864917,0.02256622537970543
273,7eb959ec.wav,Clarinet,Clarinet,0.011183843947947025,5.724276608276568e-09,0.005957107059657574,0.9770127534866333,0.0012441783910617232,0.00045904330909252167,4.836515188344492e-09,4.4313208491075784e-05,0.0040776776149868965,2.1111643945914693e-05
274,e51e1770.wav,Clarinet,Clarinet,3.1539796054858016e-06,1.422514856559351e-13,7.821019920584149e-08,0.9772204756736755,1.5421069292642642e-06,0.0007997843786142766,7.208413858492916e-15,0.021963512524962425,3.7816030271642376e-06,7.625863418070367e-06
275,3f7e6da8.wav,Clarinet,Clarinet,0.017480095848441124,1.99149119417541e-09,4.881934728473425e-05,0.9799391627311707,3.714349804795347e-05,9.063303150469437e-05,6.76150513356788e-09,6.606381793972105e-05,8.060057734837756e-05,0.0022575852926820517
276,3cbe9902.wav,Clarinet,Clarinet,3.702998219523579e-05,5.734134458481305e-17,2.8433203169697663e-06,0.9950729608535767,0.004666787106543779,1.430328552487481e-06,9.425819014197145e-10,5.5249420256586745e-06,0.00020959234097972512,3.9972055674297735e-06
277,9a722e53.wav,Clarinet,Clarinet,0.00023292317928280681,6.142590776303525e-14,1.2831723950057494e-07,0.997416079044342,4.642908970708959e-05,1.445493853680091e-05,4.33657242060459e-11,0.0022871708497405052,2.924462094711089e-08,2.8975321129109943e-06
278,19105b8a.wav,Clarinet,Clarinet,0.00562187610194087,8.41660595385374e-12,0.01208596583455801,0.9809283018112183,0.0003627952537499368,4.830165926250629e-05,5.909107869683794e-09,0.0007737765554338694,3.235829353798181e-05,0.0001466294634155929
279,1f81cc2b.wav,Clarinet,Clarinet,0.0035404362715780735,1.261565074628379e-08,0.00016456229786854237,0.918144941329956,0.00025536585599184036,0.003838488133624196,1.0307648956597859e-08,0.007954596541821957,0.06602411717176437,7.746849587420002e-05
280,44c5094c.wav,Clarinet,Clarinet,0.0002062744606519118,1.9446498578101767e-10,0.009351030923426151,0.941845715045929,9.355675138067454e-05,0.018711496144533157,2.3104700097587028e-10,0.029730606824159622,7.453795660694595e-07,6.060463056201115e-05
281,5506629f.wav,Clarinet,Clarinet,0.0059438771568238735,0.000790077552665025,0.03251974284648895,0.9418567419052124,0.002049235859885812,0.0008622526074759662,9.819996371618345e-09,0.004632206633687019,0.006773821078240871,0.0045720054768025875
282,ddf23920.wav,Clarinet,Clarinet,2.346019378762776e-08,2.9886092400208003e-19,6.770690674784419e-09,0.9991698265075684,8.390320434411257e-15,0.0008274866850115359,4.732765148673934e-07,3.847139051771364e-09,8.464344337737705e-15,2.128344704033225e-06
283,2e1cd085.wav,Clarinet,Clarinet,2.813774560572746e-11,3.9693059095467534e-17,1.5322046920118737e-07,0.9993171691894531,1.6118402727978431e-13,0.0006821409333497286,8.456754446074273e-17,2.6718456780372435e-08,1.3794590358884307e-07,2.3093215872904693e-07
284,dc981a38.wav,Clarinet,Clarinet,0.007279684767127037,2.0376118570197832e-08,0.029100442305207253,0.8175609707832336,0.005335504189133644,0.13752824068069458,6.181055027809634e-07,0.001812688889913261,3.0054463877604576e-06,0.0013789291260764003
285,a053797b.wav,Clarinet,Clarinet,0.05456719547510147,6.024235971180403e-11,1.5655609786335845e-06,0.9407056570053101,0.0002240989269921556,6.40669313725084e-05,1.874779975707952e-08,0.004272492602467537,1.3363523976295255e-05,0.00015139326569624245
286,f2310f0d.wav,Clarinet,Clarinet,0.08900517970323563,6.757951143132601e-11,4.000995431852061e-06,0.9058851003646851,0.00021690950961783528,3.509936504997313e-05,1.4101885881245835e-08,0.004601047374308109,4.9450709411758e-06,0.00024764478439465165
287,ce65d6b5.wav,Clarinet,Clarinet,0.000896697340067476,1.2736160216741954e-11,1.3526993825507816e-05,0.9920636415481567,1.7450751329306513e-05,0.0001197522651636973,3.050642692018629e-13,0.006888733245432377,1.885465561457522e-09,9.203892403775171e-08
288,45de3233.wav,Clarinet,Clarinet,0.0002727920364122838,1.477003523826792e-12,1.920473005156964e-05,0.9996234774589539,9.727951066906826e-08,8.820666153042112e-06,2.4829888145561085e-10,5.364734533941373e-05,9.339979101241624e-07,2.1166264559724368e-05
289,8916ffcd.wav,Clarinet,Clarinet,0.002804725430905819,4.388809397826675e-14,6.887455583637347e-08,0.983391284942627,2.671043148438912e-06,0.00013014035357628018,2.392147868679473e-10,0.010787229984998703,0.0028546806424856186,2.923658030340448e-05
290,e43f7db2.wav,Clarinet,Clarinet,5.570511234509468e-07,3.9053893452489774e-10,0.0032904327381402254,0.9919993281364441,4.003589126888585e-10,0.0036914616357535124,1.0896145141714442e-07,0.0005822840612381697,1.0898941582127009e-05,0.00042522550211288035
291,3c66098d.wav,Clarinet,Clarinet,2.524820956750773e-05,9.119164333436323e-15,0.0006869005737826228,0.7757408022880554,4.455701585470706e-08,0.22354306280612946,7.123186762658662e-11,3.878858933603624e-06,3.3434505164464667e-12,1.1670523747397965e-07
292,ad42e493.wav,Clarinet,Clarinet,0.001098354929126799,9.264764384278243e-14,2.994437053871479e-08,0.9979352951049805,7.379767794191139e-06,7.509779038628039e-07,9.361985492395419e-11,0.0009526601061224937,9.257578170718261e-08,5.428719759947853e-06
293,740e5bb7.wav,Clarinet,Clarinet,0.011861355975270271,1.184150050903554e-06,0.016326887533068657,0.9324110150337219,0.028147591277956963,0.0022853193804621696,3.992584879597416e-06,0.007964788936078548,0.00021374649077188224,0.0007841774495318532
294,800b401e.wav,Clarinet,Clarinet,0.00018564413767307997,9.304891968042739e-09,0.0027638967148959637,0.9951923489570618,0.0004335152334533632,1.952190177689772e-05,4.787132823480533e-08,0.0012718134094029665,0.0001316762645728886,1.4822692264715442e-06
295,3c713bcf.wav,Clarinet,Clarinet,0.001992611214518547,1.1648341180503508e-09,0.012806938029825687,0.9851677417755127,2.1488046968443086e-06,3.391483460291056e-06,3.6285876525710137e-09,1.8176546291215345e-05,8.276363587356173e-06,7.959788490552455e-07
296,2fc00271.wav,Clarinet,Clarinet,0.0003110386023763567,1.5800534400108242e-17,1.8658154132822347e-08,0.9996764063835144,3.5872213288712373e-07,2.0190908855965972e-07,3.586075533745792e-11,3.643348520654399e-07,7.297288995289364e-09,1.1617090422078036e-05
297,b0c06255.wav,Clarinet,Clarinet,0.00016066186071839184,3.1919318533787933e-15,7.41246140023577e-06,0.9896624684333801,7.611247809791166e-08,0.00020772947755176574,2.6746621410722593e-12,0.009471067227423191,1.8478479857364505e-09,0.0004905459354631603
298,71c6451f.wav,Clarinet,Clarinet,7.061903488647658e-07,1.2081838862698646e-09,1.423199819328147e-06,0.981996476650238,8.727410460984686e-10,0.013835295103490353,4.1886465851348476e-08,9.801963460631669e-05,9.482881068834104e-06,0.004058586433529854
299,5de123c3.wav,Clarinet,Clarinet,5.2997522288933396e-05,5.664224644874594e-10,5.976366423965374e-07,0.9770227670669556,3.131594894512091e-07,0.00017929697060026228,1.717388364852468e-08,0.01805950701236725,3.4550550481071696e-05,0.00464994739741087
